Playlist_id,Playlist_name,total_track,category
37i9dQZF1DXcBWIGoYBM5M,Today's Top Hits,50,toplists
37i9dQZF1DX0XUsuxWHRQd,RapCaviar,50,toplists
37i9dQZF1DX4dyzvuaRJ0n,mint,64,toplists
37i9dQZF1DXcF6B6QPhFDv,Rock This,52,toplists
37i9dQZF1DX4SBhb3fqCJd,Are & Be,46,toplists
37i9dQZF1DX10zKzsJ2jva,¡Viva Latino!,50,toplists
37i9dQZF1DX1lVhptIYRda,Hot Country,63,toplists
37i9dQZF1DWZMWLrh2UzwC,New Music Friday Malaysia,59,toplists
37i9dQZF1DX44t7uCdkV1A,Viral Hits,25,toplists
37i9dQZF1DWWjGdmeTyeJ6,Fresh Finds,53,toplists
37i9dQZEVXbMDoHDwVN2tF,Global Top 50,50,toplists
37i9dQZEVXbLRQDuF5jeBp,United States Top 50,50,toplists
37i9dQZEVXbLiRSasKsNU9,Global Viral 50,50,toplists
37i9dQZEVXbKuaTI1Z1Afx,United States Viral 50,50,toplists
37i9dQZF1DX6P1Nsk3wSZX,Hot Country - Top Tracks of 2018,50,toplists
37i9dQZF1DXcBWIGoYBM5M,Today's Top Hits,50,pop
37i9dQZF1DWUa8ZRTfalHk,Pop Rising,85,pop
37i9dQZF1DX1dCsSMSXSsP,Pop Shots,58,pop
37i9dQZF1DWWwF1YkSKLlU,Punjabi Pop,73,pop
37i9dQZF1DXaPCIWxzZwR1,Pop Sauce,85,pop
37i9dQZF1DWXvXw3HalSt8,Punjabi Pop Rising,87,pop
37i9dQZF1DX3LyU0mhfqgP,Out Now: Unlike Any Other,53,pop
37i9dQZF1DX8f6LHxMjnzD,Singled Out,30,pop
37i9dQZF1DWUxHPh2rEiHr,Global X,100,pop
37i9dQZF1DX3u9TSHqpdJC,Fresh Finds: Pop,160,pop
37i9dQZF1DWTvM9hRJYH10,Young Music City,67,pop
37i9dQZF1DWX9u2doQ8Q2L,Tokyo Rising,70,pop
37i9dQZF1DWYc8Z858eGwP,On Our Radar: Africa,46,pop
37i9dQZF1DWUB167twpvS4,Rockabilly Rebellion!,60,pop
37i9dQZF1DX0XUfTFmNBRM,Top Hits Hindi,55,bollywood
37i9dQZF1DWSwxyU5zGZYe,Bollywood Acoustic,47,bollywood
37i9dQZF1DWXtlo6ENS92N,Bollywood Butter,61,bollywood
37i9dQZF1DXd8cOUiye1o2,New Music Hindi,76,bollywood
37i9dQZF1DWWfZHTa5oacf,Bollywood Sundowner,35,bollywood
37i9dQZF1DX3A421vEQpsl,Bollywood 2.O,45,bollywood
37i9dQZF1DX3wwp27Epwn5,Bollywood Workout,60,bollywood
37i9dQZF1DX3txqabhtJQF,New in Dance,69,bollywood
37i9dQZF1DX2CqFedmO3RP,Party Chale On,70,bollywood
37i9dQZF1DX9xdJ1j2eMr3,House Party Hits,32,bollywood
37i9dQZF1DX8xfQRRX1PDm,Bollywood Dance Music,56,bollywood
37i9dQZF1DX6WjBAV6orkC,This Is A.R. Rahman,54,bollywood
37i9dQZF1DZ06evO3581ka,This Is Neha Kakkar,48,bollywood
37i9dQZF1DZ06evO0g1ZvH,This Is Badshah,51,bollywood
37i9dQZF1DZ06evNZVNNrf,This Is Jonita Gandhi,51,bollywood
37i9dQZF1DZ06evO0FcUGj,This Is Sonu Nigam,50,bollywood
37i9dQZF1DZ06evO2ktKV1,This Is Neeti Mohan,51,bollywood
37i9dQZF1DZ06evO4yULNR,This Is Amit Trivedi,51,bollywood
37i9dQZF1DZ06evO4r9h36,This Is Yo Yo Honey Singh,50,bollywood
37i9dQZF1DZ06evO13LuDy,This Is Shankar Mahadevan,50,bollywood
37i9dQZF1DZ06evO0arULD,This Is Shreya Ghoshal,53,bollywood
37i9dQZF1DZ06evO1xiWn7,This Is Papon,50,bollywood
37i9dQZF1DZ06evO3tSYjW,This Is Raftaar,50,bollywood
37i9dQZF1DZ06evO1SfCKv,This Is Sunidhi Chauhan,50,bollywood
37i9dQZF1DZ06evO491yeR,This Is Udit Narayan,55,bollywood
37i9dQZF1DZ06evO1Tr2EN,This Is Alka Yagnik,50,bollywood
37i9dQZF1DZ06evO33Dcqb,This Is Shaan,51,bollywood
37i9dQZF1DZ06evO2Mu7fn,This Is Kumar Sanu,50,bollywood
37i9dQZF1DXdpQPPZq3F7n,Bollywood Mush,69,bollywood
37i9dQZF1DWZZMVXluTJ3U,Latest Love Tunes,87,bollywood
37i9dQZF1DX8IWBJcgQt4I,Cover Recover,68,bollywood
37i9dQZF1DXdFesNN9TzXT,Bolly Melancholy,73,bollywood
37i9dQZF1DXa6iPZDThhLh,90s Romance Rewind,25,bollywood
37i9dQZF1DX4KB1fH51I0m,Starring Ranbir Kapoor,79,bollywood
37i9dQZF1DXaoX4rrFkdKq,Starring Alia Bhatt,21,bollywood
37i9dQZF1DWZ2bQuX4pBHH,Starring Shah Rukh Khan,60,bollywood
37i9dQZF1DXckbIhIKHFQI,Starring Anushka Sharma,45,bollywood
37i9dQZF1DX9dQB0moWPtI,Starring Ranveer Singh,28,bollywood
37i9dQZF1DX2i4uWHGqlRC,Starring Hrithik Roshan,22,bollywood
37i9dQZF1DX6pDQpW17Q92,Starring Priyanka Chopra,36,bollywood
37i9dQZF1DX5rZPt6uqhWK,Starring Amitabh Bachchan,40,bollywood
37i9dQZF1DX82fuWhBjw1D,Starring Deepika Padukone,39,bollywood
37i9dQZF1DWVN7pP5HUGo1,Starring Saif Ali Khan,43,bollywood
37i9dQZF1DXc4Q3d3cXLW2,Starring Kareena Kapoor,55,bollywood
37i9dQZF1DWVM7EOngb723,Starring Salman Khan,100,bollywood
37i9dQZF1DWUX5MQjDLnHj,Starring Kajol,41,bollywood
37i9dQZF1DXd1aNMk1xQMv,Starring Akshay Kumar,68,bollywood
37i9dQZF1DX2IzhtV3uNeG,Starring Madhuri Dixit,19,bollywood
37i9dQZF1DXcwzJY7Ol2pf,Starring Aishwarya Rai,31,bollywood
37i9dQZF1DWX1ZWZcpgixA,Starring Shahid Kapoor,18,bollywood
37i9dQZF1DWYT14rrjrMpx,Starring Emraan Hashmi,50,bollywood
37i9dQZF1DXbfAzbodS1j2,Starring Aamir Khan,34,bollywood
37i9dQZF1DX0Uo5pVktwNd,Indipop Nostalgia,42,bollywood
37i9dQZF1DXdpQPPZq3F7n,Bollywood Mush,69,romance
37i9dQZF1DWSoLBQNkZBKc,Winter of Love,54,romance
37i9dQZF1DWSRc3WJklgBs,Heart Beats,202,romance
37i9dQZF1DWZZMVXluTJ3U,Latest Love Tunes,87,romance
37i9dQZF1DXblQq2w1vrYe,Love U Ji,92,romance
37i9dQZF1DX5IDTimEWoTd,Warm Fuzzy Feeling,82,romance
37i9dQZF1DWWfmbQgZIznF,Tuteya Dil,72,romance
37i9dQZF1DWW8UKcWYfq9u,Romantic Marathi Hits,80,romance
37i9dQZF1DWVApiVwKelT7,Heartbreakers,69,romance
37i9dQZF1DX8WMG8VPSOJC,Country Kind of Love,50,romance
37i9dQZF1DX3w2Hr9f5Urj,Purely Kaadhal,62,romance
37i9dQZF1DWTyTgrZFIX3S,Mudhal Kaadhal,44,romance
37i9dQZF1DWWokU1YHhufF,Po Ve Po,40,romance
37i9dQZF1DWXqpDKK4ed9O,90s Love Songs,50,romance
37i9dQZF1DXdMUUSqm9tTc,Telusa Manasa,58,romance
37i9dQZF1DX7rOY2tZUw1k,Timeless Love Songs,100,romance
37i9dQZF1DXc3KygMa1OE7,80s Love Songs,50,romance
37i9dQZF1DX7Z7kYpKKGTc,Rock Love Songs,50,romance
37i9dQZF1DX1rmFfFD5wVi,High on Love,76,romance
37i9dQZF1DWSlwBojgQEcN,Acoustic Love,100,romance
37i9dQZF1DX163rJoVPJH7,Valentine's Day Marathi,51,romance
37i9dQZF1DXbX7WVcIKQe5,90s Duets,63,romance
37i9dQZF1DWY373eEGlSj4,70s Love Songs,50,romance
37i9dQZF1DX1UGmKmt2DtZ,00s Romance,42,romance
37i9dQZF1DWTGda3Eyqjzr,From 00s With Love,34,romance
37i9dQZF1DX0QKpU3cGsyb,Bedroom Jams,71,romance
37i9dQZF1DXawcx4otNoU1,Spooning,100,romance
37i9dQZF1DX4zLx23RHqni,Indie Romance,55,romance
37i9dQZF1DXd7HsD5ls3P5,Summer Kaadhal,55,romance
37i9dQZF1DWVf1Phr4ZVgO,An Elegant Affair,80,romance
37i9dQZF1DXbUXk0Of9cjw,Namaste Love,63,romance
37i9dQZF1DX3cARxpkO9Bp,Choosi Chudangane,36,romance
37i9dQZF1DWTbzY5gOVvKd,Jazzy Romance,60,romance
37i9dQZF1DX4pAtJteyweQ,Valentine's Day Love,103,romance
37i9dQZF1DWZIQpJDqCc10,Alternative Love Songs,80,romance
37i9dQZF1DX1BGjF5N5O7F,Sexy as Folk,47,romance
37i9dQZF1DWYhr4P5Boce5,Going Together,65,romance
37i9dQZF1DWZYjbSZYSpu6,K-Pop Duets,53,romance
37i9dQZF1DWVEvzGeX3eRs,'90s Baby Makers,47,romance
37i9dQZF1DX2Ma8k80RiMN,The Sweet Suite,40,romance
37i9dQZF1DX4s3V2rTswzO,Classical Romance,98,romance
37i9dQZF1DXaUvpePTXR1D,Slow Dancing in the Living Room,45,romance
37i9dQZF1DXautpXPBsu0X,Pelli Pandhiri,45,romance
37i9dQZF1DX4adj7PFEBwf,Wedding Bells,60,romance
37i9dQZF1DX3Z99viCDp7Q,Wedding Songs,42,romance
37i9dQZF1DX5cZuAHLNjGz,Punjabi 101,101,punjabi
37i9dQZF1DWWwF1YkSKLlU,Punjabi Pop,73,punjabi
37i9dQZF1DWXVJK4aT7pmk,Top Hits Punjabi,74,punjabi
37i9dQZF1DWTqYqGLu7kTX,Hip Te Hop,87,punjabi
37i9dQZF1DX5baCFRgbF3x,New Music Punjabi,91,punjabi
37i9dQZF1DX4pHb5aF7Ipw,Burrh Rap,107,punjabi
37i9dQZF1DWWkyjgaO7IW7,Punjab Mail,55,punjabi
37i9dQZF1DWU4POnHhFms2,PDM,77,punjabi
37i9dQZF1DX2r53qiRaoS9,Masala Bhangra,50,punjabi
37i9dQZF1DX7VZ4Z7i17k4,Jattitude,43,punjabi
37i9dQZF1DXdKTcyXUUm1i,Disco Te Bhangra,33,punjabi
37i9dQZF1DX6KVngIKQouc,Bhangra Junction,89,punjabi
37i9dQZF1DXagML239kIgg,Pao Boliyan,42,punjabi
37i9dQZF1DX0uZvZMWqVMI,Lok Tath,50,punjabi
37i9dQZF1DWTDQekfJlOMe,Happy Baarish,33,punjabi
37i9dQZF1DWWfmbQgZIznF,Tuteya Dil,72,punjabi
37i9dQZF1DX7QeQjujWh9l,Happy Oye!,76,punjabi
37i9dQZF1DWUzG8YciRYE0,Gedi Da Tashn,50,punjabi
37i9dQZF1DXblQq2w1vrYe,Love U Ji,92,punjabi
37i9dQZF1DX9L0PulSSl2E,Chill Karlo,76,punjabi
37i9dQZF1DX1tUGA8ILsWM,Desi Theka,45,punjabi
37i9dQZF1DX0a4klyCglxU,Starring Binnu Dhillon,31,punjabi
37i9dQZF1DXbGqek0QDqO5,Starring Diljit Dosanjh,40,punjabi
37i9dQZF1DWWw2v1GCMOKo,Starring Gippy Grewal,50,punjabi
37i9dQZF1DX0WK8f9snKtH,Starring Neeru Bajwa,29,punjabi
37i9dQZF1DWUIwRxZfmDRG,Starring Ammy Virk,37,punjabi
37i9dQZF1DX9aEFsdEh8Dr,Starring Amrinder Gill,39,punjabi
37i9dQZF1DWUlevQVzDmfH,Starring Sonam Bajwa,40,punjabi
37i9dQZF1DX5vHQHFODxsJ,Starring Harish Verma,20,punjabi
37i9dQZF1DXbgpe4jKncXC,Starring Jimmy Shergill,24,punjabi
37i9dQZF1DZ06evO1CVdJb,This Is Jass Manak,22,punjabi
37i9dQZF1DZ06evO2PZelP,This Is Sidhu Moose Wala,48,punjabi
37i9dQZF1DZ06evO3cOi1I,This Is Guru Randhawa,50,punjabi
37i9dQZF1DZ06evO3QQ16K,This Is Guri,50,punjabi
37i9dQZF1DX0GO2iStOATx,This Is Diljit Dosanjh,41,punjabi
37i9dQZF1DZ06evO32qhuy,This Is Sharry Mann,50,punjabi
37i9dQZF1DZ06evO1bfWQl,This Is Jazzy B,50,punjabi
37i9dQZF1DZ06evO3MWQwD,This Is Ranjit Bawa,50,punjabi
37i9dQZF1DZ06evO23TB3v,This Is Jassie Gill,51,punjabi
37i9dQZF1DZ06evO21bcZM,This Is Gurdas Maan,50,punjabi
37i9dQZF1DZ06evO0iT50y,This Is Kulwinder Billa,44,punjabi
37i9dQZF1DZ06evO0jkrMh,This Is Miss Pooja,50,punjabi
37i9dQZF1DZ06evO2odQcb,This Is Gurnam Bhullar,47,punjabi
37i9dQZF1DZ06evO0g1ZvH,This Is Badshah,51,punjabi
37i9dQZF1DZ06evO2LLaKs,This Is Harrdy Sandhu,38,punjabi
37i9dQZF1DZ06evO30bXT4,This Is B Praak,50,punjabi
37i9dQZF1DZ06evO21Vei0,This Is Mankirt Aulakh,51,punjabi
37i9dQZF1DZ06evO3rjJhF,This Is Amrita Virk,47,punjabi
37i9dQZF1DZ06evO2JtyyT,This Is Prabh Gill,50,punjabi
37i9dQZF1DZ06evO4y6bt5,This Is Amrit Maan,42,punjabi
37i9dQZF1DZ06evO3T11rc,This Is Akhil,50,punjabi
37i9dQZF1DZ06evO3jkMYl,This Is Dilpreet Dhillon,50,punjabi
37i9dQZF1DZ06evO4eDqSq,This Is Malkit Singh,50,punjabi
37i9dQZF1DZ06evO0QGAMR,This Is Amrinder Gill,50,punjabi
37i9dQZF1DZ06evO1pHS7R,This Is Surjit Bindrakhia,50,punjabi
37i9dQZF1DZ06evO2gM94P,This Is Jordan Sandhu,49,punjabi
37i9dQZF1DXaXB8fQg7xif,Dance Party,150,party
37i9dQZF1DX7F6T2n2fegs,Throwback Party,100,party
37i9dQZF1DX8xfQRRX1PDm,Bollywood Dance Music,56,party
37i9dQZF1DX0Uv9tZ47pWo,Girls' Night,80,party
37i9dQZF1DWY4xHQp97fN6,Get Turnt,100,party
37i9dQZF1DXdKTcyXUUm1i,Disco Te Bhangra,33,party
37i9dQZF1DX1MYRp9oolwH,Energy Beats,87,party
37i9dQZF1DX5ZiKQxiA17z,Pakka Local,50,party
37i9dQZF1DXccgHpuP6BCs,Top Tuckeru,61,party
37i9dQZF1DX6GwdWRQMQpq,Feelin' Myself,50,party
37i9dQZF1DX32ZhGstc1pA,Marathi Party Songs,45,party
37i9dQZF1DX8FwnYE6PRvL,Rock Party,50,party
37i9dQZF1DWTPYJ30Fuy6L,Millenium Mass Hits,33,party
37i9dQZF1DX4ENTQuKtgTV,Club Le Mubbu Le,36,party
37i9dQZF1DX2W6AhhHuQN4,In a Past Life,200,party
37i9dQZF1DX8a1tdzq5tbM,Dance Classics,120,party
37i9dQZF1DX5fit7Rq5tmH,Tollywood Item,51,party
37i9dQZF1DWUq3wF0JVtEy,Shuffle Syndrome,350,party
37i9dQZF1DWVIeFpvRcEQh,Millenium Kuthu,37,party
37i9dQZF1DWSw34ykYPoaf,Dance with 00s,39,party
37i9dQZF1DWV67mFOgnpbl,Party Hard,65,party
37i9dQZF1DX3aJmyorPcLc,Telangana Beats,35,party
37i9dQZF1DX3FNkD0kDpDV,Calvin Harris Guest List,42,party
37i9dQZF1DWUqXz2BYOega,Neethoney Dance Tonite,57,party
37i9dQZF1DWXi7h4mmmkzD,Country Nights,40,party
37i9dQZF1DXbS8bPVXXR2B,Disco Hi-Life,100,party
37i9dQZF1DX8Lj01u3MgX5,DJ D-Nice's Homeschool,69,party
37i9dQZF1DX4dyzvuaRJ0n,mint,64,edm_dance
37i9dQZF1DX8tZsk68tuDw,Dance Rising,175,edm_dance
37i9dQZF1DWSRc3WJklgBs,Heart Beats,202,edm_dance
37i9dQZF1DX6VdMW310YC7,Chill Tracks,700,edm_dance
37i9dQZF1DXaXB8fQg7xif,Dance Party,150,edm_dance
37i9dQZF1DWVrtsSlLKzro,Sad Beats,170,edm_dance
37i9dQZF1DXb1k22OmK8oq,Remix Deck,81,edm_dance
37i9dQZF1DX0BcQWzuB7ZO,Dance Hits,420,edm_dance
37i9dQZF1DWXLeA8Omikj7,Brain Food,400,edm_dance
37i9dQZF1DX4eRPd9frC1m,Hype,180,edm_dance
37i9dQZF1DWU4POnHhFms2,PDM,77,edm_dance
37i9dQZF1DWXQ6BmHLKUjW,Pulse,72,edm_dance
37i9dQZF1DX32NsLKyzScr,Power Hour,130,edm_dance
37i9dQZF1DXafD1g5rer7q,EDM Samplings,50,edm_dance
37i9dQZF1DX2TRYkJECvfC,Deep House Relax,130,edm_dance
37i9dQZF1DWW668oFRU96k,Electro Mix,100,edm_dance
37i9dQZF1DX1OIMC8iDi74,Trap Mojito,160,edm_dance
37i9dQZF1DX6GJXiuZRisr,Night Rider,313,edm_dance
37i9dQZF1DXdMbUSbTOEeW,mint India,50,edm_dance
37i9dQZF1DX3ND264N08pv,Rage Beats,100,edm_dance
37i9dQZF1DX0r3x8OtiwEM,Lowkey Tech,60,edm_dance
37i9dQZF1DX5GiUwx1edLZ,mint Acoustic,100,edm_dance
37i9dQZF1DX2pprEpa9URZ,Orgánica,60,edm_dance
37i9dQZF1DX7ZUug1ANKRP,Main Stage,50,edm_dance
37i9dQZF1DWUraJYejk11q,Genre Glitch,100,edm_dance
37i9dQZF1DX2W6AhhHuQN4,In a Past Life,200,edm_dance
37i9dQZF1DX91oIci4su1D,Trance Mission,169,edm_dance
37i9dQZF1DX8a1tdzq5tbM,Dance Classics,120,edm_dance
37i9dQZF1DWUq3wF0JVtEy,Shuffle Syndrome,350,edm_dance
37i9dQZF1DX5Q27plkaOQ3,Dubstep Don,250,edm_dance
37i9dQZF1DWTfrr8pte1rT,Emotron,70,edm_dance
37i9dQZF1DX0pH2SQMRXnC,Hardstyle Bangers,298,edm_dance
37i9dQZF1DX8AliSIsGeKd,Electronic Rising,62,edm_dance
37i9dQZF1DX8CopunbDxgW,Metropolis,194,edm_dance
37i9dQZF1DXbXD9pMSZomS,Lo-Fi House,60,edm_dance
37i9dQZF1DX3FNkD0kDpDV,Calvin Harris Guest List,42,edm_dance
37i9dQZF1DWUqXz2BYOega,Neethoney Dance Tonite,57,edm_dance
37i9dQZF1DX2VvACCrgjrt,Nasty Bits,266,edm_dance
37i9dQZF1DWSlskcBvOTt0,Tiki Torch,280,edm_dance
37i9dQZF1DXbS8bPVXXR2B,Disco Hi-Life,100,edm_dance
37i9dQZF1DXa8NOEUWPn9W,Housewerk,400,edm_dance
37i9dQZF1DXa41CMuUARjl,Friday Cratediggers,191,edm_dance
37i9dQZF1DWZtGWF9Ltb0N,Sub Low,150,edm_dance
37i9dQZF1DX3xUq432XGKB,Dip x Dill Guest List,41,edm_dance
37i9dQZF1DX13R6rBZEpj7,Bassline Bangers,51,edm_dance
37i9dQZF1DX6bBjHfdRnza,Fresh Finds: Basement,85,edm_dance
37i9dQZF1DWTU3Zl0elDUa,90s House Classics,60,edm_dance
37i9dQZF1DX4pbGJDhTXK3,Space Disco,44,edm_dance
37i9dQZF1DWYzMfRQj22Nd,Stepping Out,393,edm_dance
37i9dQZF1DWVlpazNNfpRz,Guaracha,75,edm_dance
37i9dQZF1DX9WbnZpHWMaI,Women of Electronic,53,edm_dance
37i9dQZF1DX8cbjeZ4UYIG,Rave Classics,50,edm_dance
37i9dQZF1DX4rmnjMBxfCv,mint نعنع,60,edm_dance
37i9dQZF1DX1N9hVU2pAoX,Tim: The Extended Story,27,edm_dance
37i9dQZF1DWTqYqGLu7kTX,Hip Te Hop,87,hiphop
37i9dQZF1DXbSaMQIHweTw,Bambai Bantai,74,hiphop
37i9dQZF1DX1ct2TQrAvRf,RAP 91,62,hiphop
37i9dQZF1DWY4xHQp97fN6,Get Turnt,100,hiphop
37i9dQZF1DX4GsmbWgWBBu,Podium,55,hiphop
37i9dQZF1DX5OWRwJruafQ,Ghaint Flow,78,hiphop
37i9dQZF1DX2A29LI7xHn1,Signed XOXO,101,hiphop
37i9dQZF1DX186v583rmzp,I Love My '90s Hip-Hop,100,hiphop
37i9dQZF1DX6GwdWRQMQpq,Feelin' Myself,50,hiphop
37i9dQZF1DX4pHb5aF7Ipw,Burrh Rap,107,hiphop
37i9dQZF1DX29WNJPsxILP,Dillihood,104,hiphop
37i9dQZF1DX45xYefy6tIi,The Last Dance,55,hiphop
37i9dQZF1DXaitacWUJMPH,2 . 24,24,hiphop
37i9dQZF1DX2RxBh64BHjQ,Most Necessary,100,hiphop
37i9dQZF1DWVA1Gq4XHa6U,Gold School,50,hiphop
37i9dQZF1DX36Xw4IJIVKA,Lofi Hip-Hop,100,hiphop
37i9dQZF1DXcZdJumtdMCZ,Rap Rising,35,hiphop
37i9dQZF1DX0HRj9P7NxeE,Workout Twerkout,50,hiphop
37i9dQZF1DWT6MhXz0jw61,Mellow Bars,100,hiphop
37i9dQZF1DX7Mq3mO5SSDc,Hip-Hop Anthems: Def Jam,50,hiphop
37i9dQZF1DWW46Vfs1oltB,K-Hip-Hop +82,100,hiphop
37i9dQZF1DWTggY0yqBxES,Alternative Hip Hop,50,hiphop
37i9dQZF1DX8Kgdykz6OKj,Jazz Rap,80,hiphop
37i9dQZF1DX6PKX5dyBKeq,Rap UK,70,hiphop
37i9dQZF1DXaxIqwkEGFEh,Off The Strength,106,hiphop
37i9dQZF1DX0Tkc6ltcBfU,The Realest Down South,100,hiphop
37i9dQZF1DWUFmyho2wkQU,Hip-Hop Drive,100,hiphop
37i9dQZF1DWW4igXXl2Qkp,Fresh Finds: Hip Hop,68,hiphop
37i9dQZF1DX2XmsXL2WBQd,I Love My '80s Hip-Hop,70,hiphop
37i9dQZF1DWSTeI2WWFaia,Spilled Ink,50,hiphop
37i9dQZF1DWVNQeZtY2TDM,Chinese Hip Hop Stars,70,hiphop
37i9dQZF1DX5jNEiuvPyWr,Cloud Rap,50,hiphop
37i9dQZF1DWSOkubnsDCSS,Grime Shutdown,57,hiphop
37i9dQZF1DX6iFz8juuQdH,Homage,51,hiphop
37i9dQZF1DXbrQzAhQxGi4,New Era: Asian Hip-Hop,70,hiphop
37i9dQZF1DX9uKNf5jGX6m,Yoga & Meditation,192,wellness
37i9dQZF1DXdejmG21jbny,Mind & Body,98,wellness
37i9dQZF1DWZqd5JICZI0u,Peaceful Meditation,202,wellness
37i9dQZF1DWXe9gFZP0gtP,Stress Relief,107,wellness
37i9dQZF1DXcBbGCLlic3p,Detox,145,wellness
37i9dQZF1DWXRqgorJj26U,Rock Classics,150,rock
37i9dQZF1DX2UXfvEIZvDK,Modern Chill Rock,50,rock
37i9dQZF1DWWGFQLoP9qlv,Legendary,70,rock
37i9dQZF1DX3oM43CtKnRV,00s Rock Anthems,50,rock
37i9dQZF1DX1tyCD9QhIWF,Walk Like A Badass,49,rock
37i9dQZF1DWZjmJmeiazwd,Ultimate Rock Gaming,150,rock
37i9dQZF1DX7Z7kYpKKGTc,Rock Love Songs,50,rock
37i9dQZF1DX2Ja6eBQeGaS,Rock in India,98,rock
37i9dQZF1DX0rCrO4CFRfM,Acoustic Rock,55,rock
37i9dQZF1DX1helbHcrYM1,Modern Rock,100,rock
37i9dQZF1DX1spT6G94GFC,80s Rock Anthems,80,rock
37i9dQZF1DWSlJG7YPUBHF,Legendary Guitar Solos,30,rock
37i9dQZF1DX8pmtpgsUtwS,Raga Rocks,46,rock
37i9dQZF1DX1rVvRgjX59F,90s Rock Anthems,150,rock
37i9dQZF1DX6W1iI3ggF1N,Pop Rock Shot,50,rock
37i9dQZF1DWSDoVybeQisg,Psychedelic Rock,50,rock
37i9dQZF1DWWwzidNQX6jx,70s Rock Anthems,80,rock
37i9dQZF1DWXs1L3AC0Xio,Rock Ballads,75,rock
37i9dQZF1DWXMg4uP5o3dm,Alternative Beats,100,rock
37i9dQZF1DX5OUjSS1OMgV,One More Rep,100,rock
37i9dQZF1DX82Zzp6AKx64,Power Ballads,49,rock
37i9dQZF1DXb3m918yXHxA,Yacht Rock,140,rock
37i9dQZF1DX99DRG9N39X3,10s Rock Anthems,50,rock
37i9dQZF1DWWzBc3TOlaAV,60s Rock Anthems,101,rock
37i9dQZF1DX49jUV2NfGku,Rock Solid,50,rock
37i9dQZF1DX7k3T9O9bscd,Neo-Psychedelic Rock,50,rock
37i9dQZF1DWXMJdkLQRrmg,Stripped Down,50,rock
37i9dQZF1DX82GYcclJ3Ug,The New Alt,100,rock
37i9dQZF1DX2SFBzpAPi7n,Cool K:IDs Rock,50,rock
37i9dQZF1DWXgtgITTKvYl,Prog Rock,57,rock
37i9dQZF1DX11ghcIxjcjE,Grunge Forever,50,rock
37i9dQZF1DX1X7WV84927n,Hard Rock,105,rock
37i9dQZF1DXcF6B6QPhFDv,Rock This,52,rock
37i9dQZF1DX6ujZpAN0v9r,Shoegaze & Beyond,136,rock
37i9dQZF1DWT2jS7NwYPVI,New Noise,100,rock
37i9dQZF1DWVwr24yj95lH,Post-Grunge,50,rock
37i9dQZF1DWXx3Txis2L4x,Rock 'n' Run 160-180 BPM,30,rock
37i9dQZF1DX3YMp9n8fkNx,'90s Pop Rock Essentials,101,rock
37i9dQZF1DWWJOmJ7nRx0C,Rock Hard,101,rock
37i9dQZF1DX0fWtUuB7bFE,Classic Rock Now,49,rock
37i9dQZF1DX2S9rTKTX6JP,Rock Covers,70,rock
37i9dQZF1DXbMYUPb05hjJ,Garage Rock Revival,50,rock
37i9dQZF1DX0Nb1cyWS6Tq,Dark & Gothic,80,rock
37i9dQZF1DX9wa6XirBPv8,Emo Forever,75,rock
37i9dQZF1DWZryfp6NSvtz,All New Rock,71,rock
37i9dQZF1DXd0ZFXhY0CRF,Women of Rock,101,rock
37i9dQZF1DXbR32Ldau7WM,Big in Japan,50,rock
37i9dQZF1DX0KQrbsfHQvG,Rise Up,63,rock
37i9dQZF1DX40RZ67r0X8p,Rock Roadtrip,60,rock
37i9dQZF1DX35DWKgAk2B5,Indie Rock Club,50,rock
37i9dQZF1DX47RGdveoyrv,Rock This Way,40,rock
37i9dQZF1DX2IvZJK5xwFt,Just Rock!,70,rock
37i9dQZF1DWUB167twpvS4,Rockabilly Rebellion!,60,rock
37i9dQZF1DX6WdWXzlAP9E,Woodstock,100,rock
37i9dQZF1DWWH0izG4erma,Country Rocks,68,rock
37i9dQZF1DX2J9h4w9E0Xj,Rock Rising,50,rock
37i9dQZF1DX5kjCvsC5isB,Fierce Femmes,100,rock
37i9dQZF1DWZkHEX2YHpDV,The Scene,80,rock
37i9dQZF1DWXIcbzpLauPS,New Core,100,rock
37i9dQZF1DX78toxP7mOaJ,Fresh Finds: Rock,85,rock
37i9dQZF1DXbDjX0hus3Iu,Southern Rock 101,106,rock
37i9dQZF1DX0xLQsW8b5Zx,Rockabilly Mania,60,rock
37i9dQZF1DX8sGALGjOrTu,2000s Screamo,100,rock
37i9dQZF1DXdnZT5DhATDx,Game of Thrones: The End is Coming,51,rock
37i9dQZF1DX5JcPJgYjGcf,This Is: EXO,72,kpop
37i9dQZF1DX9tPFwDMOaN1,K-Pop Daebak,50,kpop
37i9dQZF1DX4FcAKI5Nhzq,K-Pop Rising,95,kpop
37i9dQZF1DWUXxc8Mc6MmJ,Best of Korean Soundtracks,50,kpop
37i9dQZF1DWTTXfIhcSkXG,K- Pop Wave,67,kpop
37i9dQZF1DX1LU4UHKqdtg,K-Pop Fresh,50,kpop
37i9dQZF1DX4IDaXtVjL83,K-Pop X-Overs,50,kpop
37i9dQZF1DXbSWYCNwaARB,Girl Krush,40,kpop
37i9dQZF1DX0018ciYu6bM,KimBops!,102,kpop
37i9dQZF1DX1gjl24GAQC0,Hallyu Boy Bands,50,kpop
37i9dQZF1DX14fiWYoe7Oh,Essential K-Pop,63,kpop
37i9dQZF1DX6Cy4Vr7Hu2y,Women of K-Pop,64,kpop
37i9dQZF1DXbbMUWc2KuOB,Korean OST Instrumentals,50,kpop
37i9dQZF1DWTTHy0vndijk,Satang Mix,57,kpop
37i9dQZF1DXbirtHQBuwCo,TrenChill K-R&B,50,kpop
37i9dQZF1DWW46Vfs1oltB,K-Hip-Hop +82,100,kpop
37i9dQZF1DXdTb8AG95jne,K-Indie Picks,50,kpop
37i9dQZF1DX3Ucx6LaTP5S,This Is DAY6,50,kpop
37i9dQZF1DX6HNmsqZ1nyc,Top Korean OSTs of 2019,100,kpop
37i9dQZF1DX1lU51fgoMhF,Tropical K-Pop,70,kpop
37i9dQZF1DX5g856aiKiDS,Dalkom Cafe,50,kpop
37i9dQZF1DXdR77H5Z8MIM,Nolja!,70,kpop
37i9dQZF1DWZYjbSZYSpu6,K-Pop Duets,53,kpop
37i9dQZF1DX8eqay1FtdMm,K-Power Vocals,58,kpop
37i9dQZF1DX5eq3AONkaho,Workday K-Pop,200,kpop
37i9dQZF1DX5CHqBODmn2c,Best of 2018: K-Pop,100,kpop
37i9dQZF1DX3sCx6B9EAOr,K-Pop Commute,50,kpop
37i9dQZF1DX5LEXW9eXA0n,K-Pop Ballad Hits,50,kpop
37i9dQZF1DWX7FdKM0unn8,Korean Old Vinyls,59,kpop
37i9dQZF1DX5q67ZpWyRrZ,Indie India,100,indie_alt
37i9dQZF1DWW0OFelDHUJP,Rain On Indie,43,indie_alt
37i9dQZF1DWUI804Xnly9d,Chai & Acoustic,49,indie_alt
37i9dQZF1DX319l60u7Jxg,Dinner & Chill,50,indie_alt
37i9dQZF1DX1HoONJoJCjL,Indie Summer,56,indie_alt
37i9dQZF1DWTAtTdFMiJYK,Radar India,102,indie_alt
37i9dQZF1DWXSzFkaLsPkN,hIndies,76,indie_alt
37i9dQZF1DX8j8N3CkBtqv,Indiestan,76,indie_alt
37i9dQZF1DX4UE2DqdZFBH,Indie Instrumental,90,indie_alt
37i9dQZF1DX8L7X8ygrKis,Women of Indie India,65,indie_alt
37i9dQZF1DX873GaRGUmPl,Alternative 10s,80,indie_alt
37i9dQZF1DWWuDQ2TxRmCb,Folk in India,59,indie_alt
37i9dQZF1DX9jSVwpVkqdw,South Indies,98,indie_alt
37i9dQZF1DX8G6uERfhfPM,Jazz in India,42,indie_alt
37i9dQZF1DXb67OkZ6150Z,Indie Covers,75,indie_alt
37i9dQZF1DXdTCdwCKzXwo,Early Alternative,75,indie_alt
37i9dQZF1DXdTb8AG95jne,K-Indie Picks,50,indie_alt
37i9dQZF1DX6uhsAfngvaD,Dreampop,88,indie_alt
37i9dQZF1DX0YKekzl0blG,Alternative 00s,80,indie_alt
37i9dQZF1DX6ujZpAN0v9r,Shoegaze & Beyond,136,indie_alt
37i9dQZF1DWT0upuUFtT7o,Fresh Finds: Indie,77,indie_alt
37i9dQZF1DXaLI8a395lse,Alternative 90s,80,indie_alt
37i9dQZF1DXbMYUPb05hjJ,Garage Rock Revival,50,indie_alt
37i9dQZF1DXaVgr4Tx5kRF,"Britpop, Etc.",50,indie_alt
37i9dQZF1DX2I7Ykltk83m,Badass Women,80,indie_alt
37i9dQZF1DX5qNE4zrflL7,Alternative 60s,80,indie_alt
37i9dQZF1DWTSKFpOdYF1r,Alternative 80s,80,indie_alt
37i9dQZF1DWZJmo7mlltU6,Global Indie,75,indie_alt
37i9dQZF1DXb3ZjVksUlfu,Alternative 70s,80,indie_alt
37i9dQZF1DX3UWlNiixH0j,Edge! - Japan Indie Picks-,60,indie_alt
37i9dQZF1DWSrj7tqQ9IOu,French Indie Pop,50,indie_alt
37i9dQZF1DX3rxVfibe1L0,Mood Booster,75,mood
37i9dQZF1DX9XIFQuFvzM4,Feelin' Good,100,mood
37i9dQZF1DWX83CujKHHOn,Alone Again,50,mood
37i9dQZF1DWSRc3WJklgBs,Heart Beats,202,mood
37i9dQZF1DX3YSRoSdA634,Life Sucks,100,mood
37i9dQZF1DWZY9CnWbvq8Q,Sing-along: Punjabi,46,mood
37i9dQZF1DWVrtsSlLKzro,Sad Beats,170,mood
37i9dQZF1DX3SAjV5mzFIB,Romantic Acoustics,51,mood
37i9dQZF1DX2UgsUIg75Vg,Chilled R&B,50,mood
37i9dQZF1DX33haVNk7fCy,Sad Indie Bops,64,mood
37i9dQZF1DX1tyCD9QhIWF,Walk Like A Badass,49,mood
37i9dQZF1DX6GwdWRQMQpq,Feelin' Myself,50,mood
37i9dQZF1DX3TPMgP3ojGS,Coffee and Piano,50,mood
37i9dQZF1DX2x1COalpsUi,Happy-O-Happy,30,mood
37i9dQZF1DXaFm6IhSHlyi,Ballads International,148,mood
37i9dQZF1DXaitacWUJMPH,2 . 24,24,mood
37i9dQZF1DXcNb6Ba0LuVc,Feel Good Beats,65,mood
37i9dQZF1DXcsT4WKI8W8r,Music for a Workday,145,mood
37i9dQZF1DX7cZxYLqLUJl,Wake Up Gently,111,mood
37i9dQZF1DWZrc3lwvImLj,Melancholy Instrumentals,127,mood
37i9dQZF1DWSSBwgXMlrMk,Sunday Stroll,100,mood
37i9dQZF1DX2ogDiL6nZJr,Van Life,80,mood
37i9dQZF1DWVEerxa93vDU,Piano Comfort,126,mood
37i9dQZF1DX3ohNxI5tB79,Morning Rhythm,60,mood
37i9dQZF1DXcEKFjZJYZcc,Feel Good Piano,68,mood
37i9dQZF1DXardnHdSkglX,Bossa Nova Covers,74,mood
37i9dQZF1DXa3NnZWk6Z3T,Café con Leche,100,mood
37i9dQZF1DXbo534XMsLSe,Country Music 101:  Welcome to Brokenheartsville,116,mood
37i9dQZF1DX4bSrsRWE9cd,Bliss,75,mood
37i9dQZF1DWYAcBZSAVhlf,Walking On Sunshine,80,mood
37i9dQZF1DWVinJBuv0P4z,Feel Good Classics,80,mood
37i9dQZF1DX3wwp27Epwn5,Bollywood Workout,60,workout
37i9dQZF1DX2r53qiRaoS9,Masala Bhangra,50,workout
37i9dQZF1DX70RN3TfWWJh,Workout,60,workout
37i9dQZF1DX76Wlfdnj7AP,Beast Mode,250,workout
37i9dQZF1DXdxcBWuJkbcy,Motivation Mix,80,workout
37i9dQZF1DWUVpAXiEPK8P,Power Workout,50,workout
37i9dQZF1DWSJHnPb1f0X3,Cardio,60,workout
37i9dQZF1DWWnwzLgs1flT,Haanji Good Morning,53,workout
37i9dQZF1DXadOVCgGhS7j,Fun Run 150–165 BPM,50,workout
37i9dQZF1DX4eRPd9frC1m,Hype,180,workout
37i9dQZF1DX4H5837Y8I1n,Tollywood Hunks,55,workout
37i9dQZF1DX32NsLKyzScr,Power Hour,130,workout
37i9dQZF1DWTl4y3vgJOXW,Locked In,100,workout
37i9dQZF1DX9BXb6GsGCLl,Powerwalk!,80,workout
37i9dQZF1DXdVyc8LtLi96,Sunrise Yoga,170,workout
37i9dQZF1DXe6bgV3TmZOL,Adrenaline Workout,70,workout
37i9dQZF1DX9uKNf5jGX6m,Yoga & Meditation,192,workout
37i9dQZF1DX7cmFV9rWM0u,Zumba® Beats,67,workout
37i9dQZF1DWWPcvnOpPG3x,Run This Town 150–165 BPM,50,workout
37i9dQZF1DWXmQEAjlxGhi,Latin Cardio,75,workout
37i9dQZF1DXcYHCSWjSx6A,K-Town Machos,47,workout
37i9dQZF1DWVhQ5d3I6DeF,Fast Pop Run 180 BPM,78,workout
37i9dQZF1DXaitacWUJMPH,2 . 24,24,workout
37i9dQZF1DX35oM5SPECmN,Run Wild,75,workout
37i9dQZF1DX0hWmn8d5pRe,Born To Run 150 BPM,70,workout
37i9dQZF1DX0HRj9P7NxeE,Workout Twerkout,50,workout
37i9dQZF1DX5OUjSS1OMgV,One More Rep,100,workout
37i9dQZF1DWZUTt0fNaCPB,Running to Rock 170-190 BPM,75,workout
37i9dQZF1DX7UqNwuRQZqy,Run the Track,30,workout
37i9dQZF1DWTofcvJ2Dvma,Vinyasa Flow,69,workout
37i9dQZF1DX5vVIxolcMKs,Just Move it!,60,workout
37i9dQZF1DWUxdwkOJZYCJ,Power Run 145 BPM,23,workout
37i9dQZF1DXbFRZSqP41al,Rock Your Body,70,workout
37i9dQZF1DWY3PJWG3ogmJ,Extreme Metal Workout,80,workout
37i9dQZF1DWSTc9FdySHtz,Tropical House Run 190 BPM,33,workout
37i9dQZF1DWUI1rlvkdQnb,Cool Down,162,workout
37i9dQZF1DXc7KgLAqOCoC,Eat Sleep Run Repeat 140 BPM,48,workout
37i9dQZF1DWXV7gMVhRdDy,Jaago Jaagore Jaago,34,workout
37i9dQZF1DWXx3Txis2L4x,Rock 'n' Run 160-180 BPM,30,workout
37i9dQZF1DWZYWNM3NfvzJ,Pumping Iron,101,workout
37i9dQZF1DX7R7Bjxm48PR,Piano Yoga,93,workout
37i9dQZF1DXcCEH5EfTtzp,Lactic Acid Run 175 BPM,45,workout
37i9dQZF1DX0wiundViT27,Rock Me UP!,90,workout
37i9dQZF1DX4osfY3zybD2,Runner's Club 160 BPM,47,workout
37i9dQZF1DXcTpoGQmyr2B,Acoustic Pilates,60,workout
37i9dQZF1DX3PKEfo9uS5R,Pilates Lounge,49,workout
37i9dQZF1DWZq91oLsHZvy,Indie Kicks 150–155 BPM,40,workout
37i9dQZF1DX8E1Op3UZWf0,Morning Run 150–165 BPM,59,workout
37i9dQZF1DX0BZrbvIqxCd,Punk Rock Workout,75,workout
37i9dQZF1DWXUtxBFupUW9,Body & Soul,51,workout
37i9dQZF1DX5OrO2Jxuvdn,Country Workout,126,workout
37i9dQZF1DWV3VLITCZusq,The Climb 170-175 BPM,48,workout
37i9dQZF1DX2BCKQiTaN5o,Michelle Obama's Workout Playlist,35,workout
37i9dQZF1DXbcCmWfoUaw2,Just Get Going! 155 BPM,50,workout
37i9dQZF1DWT6anPZiHuxz,Energetic Run 160-165 BPM,48,workout
37i9dQZF1DX3PIAZMcbo2T,Pop Warmup 130 BPM,48,workout
37i9dQZF1DXbLSzx0CLgOw,"Run Punk, Run! 160 BPM",50,workout
37i9dQZF1DX8jnAPF7Iiqp,Run 'N' Bass 170-175 BPM,50,workout
37i9dQZF1DX06VUQ1GoKge,Metal Charge 180 BPM,70,workout
37i9dQZF1DX319l60u7Jxg,Dinner & Chill,50,chill
37i9dQZF1DX6VdMW310YC7,Chill Tracks,700,chill
37i9dQZF1DWWQRwui0ExPn,Lo-Fi Beats,450,chill
37i9dQZF1DX889U0CL85jj,Chill Vibes,177,chill
37i9dQZF1DX3SAjV5mzFIB,Romantic Acoustics,51,chill
37i9dQZF1DX2UXfvEIZvDK,Modern Chill Rock,50,chill
37i9dQZF1DX9L0PulSSl2E,Chill Karlo,76,chill
37i9dQZF1DWY1kDGbdPb81,Chai & Classics,60,chill
37i9dQZF1DX9j444F9NCBa,Calming Instrumental Covers,83,chill
37i9dQZF1DWTkxQvqMy4WW,Chillin' on a Dirt Road,80,chill
37i9dQZF1DX3TPMgP3ojGS,Coffee and Piano,50,chill
37i9dQZF1DX504r1DvyvxG,Classic Acoustic,80,chill
37i9dQZF1DXb4uCtZdqTsC,Sillunu oru Summer,55,chill
37i9dQZF1DX1s9knjP51Oa,Calm Vibes,209,chill
37i9dQZF1DX2TRYkJECvfC,Deep House Relax,130,chill
37i9dQZF1DWVfadOMC1ilb,Mazhai Feels..,44,chill
37i9dQZF1DX4UE2DqdZFBH,Indie Instrumental,90,chill
37i9dQZF1DX2VPTYZ31HYJ,Music Cafe,58,chill
37i9dQZF1DXd9Uz5V4eZsn,Namaste Yoga,45,chill
37i9dQZF1DWVIzZt2GAU4X,Piano Ballads,75,chill
37i9dQZF1DXaFm6IhSHlyi,Ballads International,148,chill
37i9dQZF1DWVSNuGesVjDz,Chilling 00s,40,chill
37i9dQZF1DX0SM0LYsmbMT,Jazz Vibes,200,chill
37i9dQZF1DXcuAVsi45c0d,Telugu Unplugged,41,chill
37i9dQZF1DX69KJUIzor46,Tolly Chill Out,43,chill
37i9dQZF1DXci7j0DJQgGp,Hanging Out and Relaxing,120,chill
37i9dQZF1DWZS4GhkDZq7c,Chill Moru,46,chill
37i9dQZF1DWSNmwgf7Nv11,Boho + Chill,150,chill
37i9dQZF1DWZ0OzPeadl0h,Lush + Chill,102,chill
37i9dQZF1DX82pCGH5USnM,Lounge - Soft House,92,chill
37i9dQZF1DXdCsscAsbRNz,Peace,214,chill
37i9dQZF1DX32oVqaQE8BM,Chill Out Music,88,chill
37i9dQZF1DXdbkmlag2h7b,Daydreamer,77,chill
37i9dQZF1DXc8kgYqQLMfH,Lush Lofi,124,chill
37i9dQZF1DX2vYju3i0lNX,Chilled Jazz,137,chill
37i9dQZF1DX9RwfGbeGQwP,Lo-Fi Cafe,141,chill
37i9dQZF1DX5bjCEbRU4SJ,Calm Down,70,chill
37i9dQZF1DXa9xHlDa5fc6,License To Chill,135,chill
37i9dQZF1DWVFJtzvDHN4L,Cinematic Chillout,51,chill
37i9dQZF1DXdsy92d7BLpC,Weekend Hangouts,150,chill
37i9dQZF1DX3fXJqxGjuEP,Vibra Tropical,100,chill
37i9dQZF1DWTVIaV4KJYuq,Classic Covers,62,chill
37i9dQZF1DWWtqHeytOZ8f,Lava Lamp,200,chill
37i9dQZF1DX5Ufz5ldo0J4,Keep Calm,168,chill
37i9dQZF1DXboGlPhJFIp9,Electric Relaxation,59,chill
37i9dQZF1DWSAqa5cw6DxQ,Meditative Guitar,62,chill
37i9dQZF1DXbtuVQL4zoey,Sunny Beats,76,chill
37i9dQZF1DWTC99MCpbjP8,Calm,79,chill
37i9dQZF1DWXnscMH24yOc,Chill Covers,150,chill
37i9dQZF1DX5g856aiKiDS,Dalkom Cafe,50,chill
37i9dQZF1DXdL58DnQ4ZqM,Lazy Chill Afternoon,55,chill
37i9dQZF1DWVFeEut75IAL,Calming Classical,79,chill
37i9dQZF1DWVF0pvJ1YrL7,Virtual Reality,100,chill
37i9dQZF1DXbHKTQ2s1l8q,Breezy Acoustic,64,chill
37i9dQZF1DWUGsgkESc7qP,Hangover Friendly,50,chill
37i9dQZF1DXa3NnZWk6Z3T,Café con Leche,100,chill
37i9dQZF1DX7KrTMVQnM02,Quiet Moment,26,chill
37i9dQZF1DX83I5je4W4rP,Beach Vibes,65,chill
37i9dQZF1DXdQP3bGyOAvs,100% Lounge,90,chill
37i9dQZF1DX571ttkrxAeN,Acoustic Cafe International,78,chill
37i9dQZF1DX0Aaer4Jzfgm,Easy Classical,65,chill
37i9dQZF1DWY3X53lmPYk9,Peaceful Piano: American Songbook,76,chill
37i9dQZF1DWTcEjayzrZ4x,Lazy Jazz Cat,152,chill
37i9dQZF1DX8OUvJF6ATAB,Exospheres,100,chill
37i9dQZF1DWVXbA4kjkg6G,Trip Hop,70,chill
37i9dQZF1DWV7EzJMK2FUI,Jazz in the Background,62,chill
37i9dQZF1DX6tTW0xDxScH,Lazy Weekend,215,chill
37i9dQZF1DX5KBgZM4MWjH,Peaceful Notes,50,chill
37i9dQZF1DX9WxEZbyU6MA,Peaceful Choir,101,chill
37i9dQZF1DWVvXA824aCbn,The Piano Bar,119,chill
37i9dQZF1DWWWSl6BMaKWo,Broadway Piano Covers,45,chill
37i9dQZF1DX9XdJRfSK6a0,An Instrumental Sunday,45,chill
37i9dQZF1DX5NsFgylu4qQ,Waves,82,chill
37i9dQZF1DXbITWG1ZJKYt,Jazz Classics,50,jazz
37i9dQZF1DX7YCknf2jT6s,State of Jazz,50,jazz
37i9dQZF1DX85XJl1mZAlp,Jazz X-Press,60,jazz
37i9dQZF1DWVqfgj8NZEp1,Coffee Table Jazz,132,jazz
37i9dQZF1DWTR4ZOXTfd9K,Jazz Classics Blue Note Edition,81,jazz
37i9dQZF1DX4wta20PHgwo,Late Night Jazz,70,jazz
37i9dQZF1DX8G6uERfhfPM,Jazz in India,42,jazz
37i9dQZF1DWTbzY5gOVvKd,Jazzy Romance,60,jazz
37i9dQZF1DX2vYju3i0lNX,Chilled Jazz,137,jazz
37i9dQZF1DXdwTUxmGKrdN,Smooth Jazz,50,jazz
37i9dQZF1DWYxwmBaMqxsl,Rainy Day Jazz,100,jazz
37i9dQZF1DWUS3jbm4YExP,Global Funk,80,jazz
37i9dQZF1DX55dNU0PWnO5,Jazztronica,73,jazz
37i9dQZF1DXardnHdSkglX,Bossa Nova Covers,74,jazz
37i9dQZF1DX661EjJOj3Tu,Latin Jazz,50,jazz
37i9dQZF1DX5OepaGriAIm,Women of Jazz,100,jazz
37i9dQZF1DWXSyfX6gqDNp,Evening Jazz,79,jazz
37i9dQZF1DX71VcjjnyaBQ,Good Morning Jazz,50,jazz
37i9dQZF1DXbHcQpOiXk1D,Jazz UK,75,jazz
37i9dQZF1DWY3X53lmPYk9,Peaceful Piano: American Songbook,76,jazz
37i9dQZF1DWTcEjayzrZ4x,Lazy Jazz Cat,152,jazz
37i9dQZF1DX5YTAi6JhwZm,Happy Jazz!,67,jazz
37i9dQZF1DWYgA6FKKHSd6,Sax and the City,115,jazz
37i9dQZF1DX2mmt7R81K2b,Jazz – Classical Crossings,49,jazz
37i9dQZF1DX6G7arXBXa3A,Big Band,50,jazz
37i9dQZF1DX8xV1CEmgc1h,Motown Soul Number Ones,65,soul
37i9dQZF1DWYC7CaxNgoCg,Sound Of Motown,29,soul
37i9dQZF1DX3z6D2ln0Hqx,Women Of Motown,22,soul
37i9dQZF1DX8YFIEyRvxXj,Soul Resistance,22,soul
37i9dQZF1DWVGLWeeMNGcG,Evolution Of Soul,31,soul
37i9dQZF1DX6eUekrgxJ8J,Smokey's Songbook,25,soul
37i9dQZF1DWTx0xog3gN3q,Uplifting Soul Classics,47,soul
37i9dQZF1DXea80XwOJRgD,The Midnight Hour,50,soul
37i9dQZF1DX62Nfha2yFhL,Soul Lounge,50,soul
37i9dQZF1DX5lDysu4GbKR,Acoustic Soul,83,soul
37i9dQZF1DWULEW2RfoSCi,Soul Classics 1970–1975,40,soul
37i9dQZF1DX70TzPK5buVf,Funk Outta Here,80,soul
37i9dQZF1DWSXWSaQmvWOB,Soul 'n' the City,70,soul
37i9dQZF1DX44dZ4p5QLf4,Next Wave Neo-Soul,70,soul
37i9dQZF1DX0H8hDpv38Ju,’80s Jam Session,40,soul
37i9dQZF1DX4GMJS146m00,Workday Soul,131,soul
37i9dQZF1DXc9NQwLalzEM,Rare Soul Grooves,75,soul
37i9dQZF1DWV0gynK7G6pD,Classical New Releases,44,classical
37i9dQZF1DWXtBjoO4Thyy,The Classical Takeover: Isabelle Faust,38,classical
37i9dQZF1DX8j7VReq9MXU,Bollywood Ragas,43,classical
37i9dQZF1DXdfOcg1fm0VG,Video Game Soundtracks,81,classical
37i9dQZF1DX3TPMgP3ojGS,Coffee and Piano,50,classical
37i9dQZF1DX8H6ivDu6S86,Kollywood Ragas,59,classical
37i9dQZF1DX5OGFODDcFOs,Tollywood Ragas,47,classical
37i9dQZF1DX6EUcyVKIE73,Hindustani Classical,49,classical
37i9dQZF1DX9OZisIoJQhG,Morning Classical,45,classical
37i9dQZF1DX8Sz1gsYZdwj,Classical Sleep,68,classical
37i9dQZF1DX1tz6EDao8it,Iconic Soundtracks,68,classical
37i9dQZF1DX6QsiGlwQqfw,Hindustani Instrumental,44,classical
37i9dQZF1DWWEJlAGA9gs0,Classical Essentials,139,classical
37i9dQZF1DWUvHZA1zLcjW,Chilled Classical,84,classical
37i9dQZF1DXbIeCFU20wRm,Atmospheric Sci-fi Soundtracks,56,classical
37i9dQZF1DXbw9rGYPXetO,Indian Classical Music For Studying,27,classical
37i9dQZF1DWXahxq4Q8el6,Feel Good Soundtracks,64,classical
37i9dQZF1DXdPDLmy88MDk,Soft Instrumental,58,classical
37i9dQZF1DWYkztttC1w38,Classical Reading,114,classical
37i9dQZF1DXcQDIWVt93jl,Swarabhishekam,45,classical
37i9dQZF1DXd5zUwdn6lPb,Classical Focus,200,classical
37i9dQZF1DWW7gj0FcGEx6,Soundtracked,102,classical
37i9dQZF1DX4QrK4j7ie9B,Classical Yoga,64,classical
37i9dQZF1DWURCUKHUKWCX,Atmospheric Piano,67,classical
37i9dQZF1DWSw8liJZcPOI,Not Quite Classical,122,classical
37i9dQZF1DWVFeEut75IAL,Calming Classical,79,classical
37i9dQZF1DWVfS4Cdd3PNf,Opera 100: Spotify Picks,100,classical
37i9dQZF1DXddGd6mP5X2a,Orchestra 100: Spotify Picks,100,classical
37i9dQZF1DX4s3V2rTswzO,Classical Romance,98,classical
37i9dQZF1DX7KrTMVQnM02,Quiet Moment,26,classical
37i9dQZF1DXbm0dp7JzNeL,Sad Classical,59,classical
37i9dQZF1DXbJglBeUtevr,The Magnificent Piano,60,classical
37i9dQZF1DWUPafHP1BJw1,Pop Goes Classical,89,classical
37i9dQZF1DX5Lm1ZiObdc3,Feel Good Classical,102,classical
37i9dQZF1DX0Aaer4Jzfgm,Easy Classical,65,classical
37i9dQZF1DWYtpM7d4h5Xa,Pop Songs Based on Classical Music,100,classical
37i9dQZF1DXah8e1pvF5oE,Piano 100: Spotify Picks,101,classical
37i9dQZF1DX75gMjYMWCsk,Queer Composers,50,classical
37i9dQZF1DX0i61tT0OnnK,Space-themed Classical Music,77,classical
37i9dQZF1DX7cBprxbt1Fn,Gentle Classical: From Dusk till Dawn,102,classical
37i9dQZF1DX6K3W8KBiALe,Classical Moments in Movies,72,classical
37i9dQZF1DX2mmt7R81K2b,Jazz – Classical Crossings,49,classical
37i9dQZF1DWXBq4mDDFnfA,Classical Guitar 50: Spotify Picks,50,classical
37i9dQZF1DWUqr1os0aCxH,Jane Austen Soundtracks,30,classical
37i9dQZF1DX9WxEZbyU6MA,Peaceful Choir,101,classical
37i9dQZF1DWZYpU3rwrcAz,Relaxing Chopin,46,classical
37i9dQZF1DWUwJtOwikfWr,Intense Studying: Mixtape Edition,100,classical
37i9dQZF1DWXjj6kdiviS0,Baroque 50: Spotify Picks,50,classical
37i9dQZF1DWUqIzZNMSCv3,Gentle Piano Concertos,50,classical
37i9dQZF1DX9G9wwzwWL2k,Epic Classical,106,classical
37i9dQZF1DX2aCk0vzzaZQ,Classical Music For Metalheads,65,classical
37i9dQZF1DXb2oE8NhWxT6,Classical Meets Electronica,30,classical
37i9dQZF1DXbTR7abB7Ji7,Classical Wedding,41,classical
37i9dQZF1DXcbK8HZQNxAq,Indie Classical: Composed In 21st Century,50,classical
37i9dQZF1DXbaZdHeCwl9C,Early Classical,50,classical
37i9dQZF1DX8qDhzfjyTN6,Romantic Era 50: Spotify Picks,50,classical
37i9dQZF1DWWISLnAIWyCZ,Audiophile Classical,60,classical
37i9dQZF1DX20xDs0SXeZu,Classical Era 50: Spotify Picks,50,classical
37i9dQZF1DXabrEiRjQMgs,Ballet and Beyond,50,classical
37i9dQZF1DX10uaP8FoDNe,Minimalism,51,classical
37i9dQZF1DX0DHxkHcf1Tl,Symphonies: Where To Start,45,classical
37i9dQZF1DWVlfUhqkKnT8,Piano Variations,268,classical
37i9dQZF1DX7TvcXU5TLWg,Spotify Orchestra: Violin,100,classical
37i9dQZF1DXbuvjwsGcSq1,Classical Music Explained: Bernstein's Music Lectures & More,396,classical
37i9dQZF1DX5hL1aT2vhMb,Women of Classical,67,classical
37i9dQZF1DWXi6GqUgtvam,Lute Music For Alchemists,50,classical
37i9dQZF1DWYYCgYKqwTrX,Love & Opera,27,classical
37i9dQZF1DX8ONeLSIu0Ai,Modernism 50: Spotify Picks,50,classical
37i9dQZF1DX7dzHXrANAir,Classical X,50,classical
37i9dQZF1DWXMEbgClM8hw,All About That Brass,50,classical
37i9dQZF1DXd7PzoVhovvO,Bach Switched-On,50,classical
37i9dQZF1DX8GBmCO89g8U,Electroacoustic 50: Spotify Picks,50,classical
37i9dQZF1DWYi4w24l7FTx,Spotify Orchestra: Cello,50,classical
37i9dQZF1DX0z6CeZuw5dA,Folk-inspired Classical Music,50,classical
37i9dQZF1DXbrSeoLHavML,String Quartet 101,101,classical
37i9dQZF1DWVCndJIeGywh,Classical British Countryside,49,classical
37i9dQZF1DX6lFrpdIb4I8,Avant-garde 50: Spotify Picks,50,classical
37i9dQZF1DWYZW76Iw4Lij,Medieval 50: Spotify Picks,50,classical
37i9dQZF1DX0ynPp7KaiSY,Winter Classical,50,classical
37i9dQZF1DWSNNoRF9meHq,Bittersweet Symphony,50,classical
37i9dQZF1DX26QWUiyfm38,Short & Sweet: Classical Miniatures,50,classical
37i9dQZF1DWUajed02NzWR,Classical Garden,61,classical
37i9dQZF1DX0CM2xT3aAkN,Essence of the Renaissance,50,classical
37i9dQZF1DWTcqUzwhNmKv,Kickass Metal,60,metal
37i9dQZF1DX5J7FIl4q56G,New Metal Tracks,103,metal
37i9dQZF1DXe6bgV3TmZOL,Adrenaline Workout,70,metal
37i9dQZF1DX2LTcinqsO68,Old School Metal,80,metal
37i9dQZF1DX1kydukZhLms,Metal Ballads,68,metal
37i9dQZF1DX9qNs32fujYe,Heavy Metal,80,metal
37i9dQZF1DWWOaP4H0w5b0,Metal Essentials,77,metal
37i9dQZF1DXcfZ6moR6J0G,Nu Metal Generation,60,metal
37i9dQZF1DX5wgKYQVRARv,Progressive Metal,70,metal
37i9dQZF1DXdF699XuZIvg,Hot Road Trip,70,metal
37i9dQZF1DWUk47CLxI4Uo,Instrumental Madness,70,metal
37i9dQZF1DWY3PJWG3ogmJ,Extreme Metal Workout,80,metal
37i9dQZF1DX1X7WV84927n,Hard Rock,105,metal
37i9dQZF1DX4jCqmsDQR1i,Metal Empire,112,metal
37i9dQZF1DX37bXS7EGI3f,Epic & Melodic,91,metal
37i9dQZF1DX6GRSnGELn7L,Got Djent?,113,metal
37i9dQZF1DXbyrUWMp2Tkr,Thrash Metal Essentials,56,metal
37i9dQZF1DWXDJDWnzE39E,Heavy Queens,106,metal
37i9dQZF1DWXNFSTtym834,00s Metal Classics,70,metal
37i9dQZF1DXbl9rMxGEmRC,Black & Dark Metal,103,metal
37i9dQZF1DWT9SRKhOEUYj,Death Metal & Beyond,103,metal
37i9dQZF1DWXHwQpcoF2cC,Ultimate Metal,90,metal
37i9dQZF1DWUJiNTfqDwyS,Metal Covers,66,metal
37i9dQZF1DX08jcQJXDnEQ,90s Metal Classics,75,metal
37i9dQZF1DX29LQDcJ6Xy7,Industrial Metal,96,metal
37i9dQZF1DX1cJWWyylDuw,Deathcore,70,metal
37i9dQZF1DWXIcbzpLauPS,New Core,100,metal
37i9dQZF1DX6P51sFpSo2r,Metalcore Classics,40,metal
37i9dQZF1DWXhcuQw7KIeM,Northern Spirits,68,metal
37i9dQZF1DXakaomPRkkDa,Top Of The Core,71,metal
37i9dQZF1DWUnhhRs5u3TO,10s Metal Classics,80,metal
37i9dQZF1DWZdFtcHGe8ED,Thrashers,70,metal
37i9dQZF1DX5dWVbnmtiDv,Death & Grind Classics,65,metal
37i9dQZF1DWW4nzWPdpBAz,Black Metal Classics,47,metal
37i9dQZF1DWXV6myh1fJyL,Heavy Beatdown,70,metal
37i9dQZF1DWY5ai7gxfuaS,Metal Xplorer,81,metal
37i9dQZF1DX01pnDyBSEgS,Doom & Sludge,97,metal
37i9dQZF1DXdiUbJTV2anj,New Blood,102,metal
37i9dQZF1DX4Woqxy7tpda,Metal Talks | Katatonia,40,metal
37i9dQZF1DX5hkGHr0ICaZ,The Metal Festival,70,metal
37i9dQZF1DXcH1zkVmOC0e,Veettu Vilayattu,50,family
37i9dQZF1DWVH93MLfpyAY,Ghuma Ghumalu,50,family
37i9dQZF1DX9lvVZB0RKOh,Kids Only,30,family
37i9dQZF1DWZU6r6n4F64c,My Dear Appa,34,family
37i9dQZF1DWUWcQyeVUGn2,Inti Aatalu,55,family
37i9dQZF1DWSfODohdgUzS,Gama Gama Samayal,61,family
37i9dQZF1DWXpAFRsaqWvF,Bangaru Kutumbam,40,family
37i9dQZF1DX2BGZuNRdYF2,Kids Kondattam,31,family
37i9dQZF1DWZhxU4AiByxO,Pop 4 Kids,103,family
37i9dQZF1DX1rVTXX7spC6,Kids Kerintha,30,family
37i9dQZF1DXbADqT0j1Cxt,Lullaby Baby,154,family
37i9dQZF1DWVs8I62NcHks,Disney Favorites,68,family
37i9dQZF1DX3uZHsihe90o,Family Folk,70,family
37i9dQZF1DWWu0xeeDiEZc,Sing Along,37,family
37i9dQZF1DX6ALixlKf7N8,Once Upon A Time,43,family
37i9dQZF1DXb9DmOVVVkdh,Animal Stories,42,family
37i9dQZF1DX7MM6ZzGNICh,Calming,16,family
37i9dQZF1DX8C9xQcOrE6T,Disney Hits,92,family
37i9dQZF1DXeapRjZhqZ07,Frozen,54,family
37i9dQZF1DX0DxcHtn4Hwo,Baby Sleep,195,family
37i9dQZF1DX8skPjZYk8mL,Sweet Lullabies,66,family
37i9dQZF1DX1Ew8a92fTdm,Music Box Lullabies,102,family
37i9dQZF1DX9QSrZ8cQbyd,Lullabells,49,family
37i9dQZF1DX8scDqTzxoFw,Kids Party,84,family
37i9dQZF1DX0zmsulfyDdq,Disney Lullaby,59,family
37i9dQZF1DX4cCqTKPWY5o,Kids Dance,37,family
37i9dQZF1DXd9rSDyQguIk,Blues Classics,70,blues
37i9dQZF1DXbkKnGZHv1kf,Blues Origins,50,blues
37i9dQZF1DX2iUghHXGIjj,Acoustic Blues,78,blues
37i9dQZF1DX5AuRugisweW,Crossroad Blues,58,blues
37i9dQZF1DXeaMD6NdSui3,Lone Star Blues,50,blues
37i9dQZF1DX4rGCw5bMNp1,Chicago Blues,50,blues
37i9dQZF1DXcFk5r8uS3l2,Blues Roots,81,blues
37i9dQZF1DWT1RLff7HxDm,Live & Loud,60,blues
37i9dQZF1DWWtGE7PB0aRR,Brit Blues,45,blues
37i9dQZF1DXcnkReojaCnV,In the Name of the Blues,77,blues
37i9dQZF1DXdkAbM8agIbA,From the Delta to Chicago,55,blues
37i9dQZF1DX8QB9Ys2nV17,Women of the Blues,54,blues
37i9dQZF1DXb3MZdETGqKB,Nu-Blue,54,blues
37i9dQZF1DX5NXVhu59GCz,Acid Blues,40,blues
37i9dQZF1DWSTHVqvNCwNq,Delta Blues,45,blues
37i9dQZF1DWXbxDw7wBcIC,Scratchy Back Porch Blues,50,blues
37i9dQZF1DX4WgZiuR77Ef,All Funked Up,73,funk
37i9dQZF1DX23YPJntYMnh,Funk Rock,60,funk
37i9dQZF1DX6drTZKzZwSo,Funky Jams,55,funk
37i9dQZF1DX70TzPK5buVf,Funk Outta Here,80,funk
37i9dQZF1DXa9wYJr1oMFq,Pop Punk Powerhouses,50,punk
37i9dQZF1DXcBkxDaAQX0a,Punk Unplugged,75,punk
37i9dQZF1DXasneILDRM7B,Pure Pop Punk,50,punk
37i9dQZF1DX3LDIBRoaCDQ,Classic Punk,50,punk
37i9dQZF1DXd6tJtr4qeot,Punk Essentials,50,punk
37i9dQZF1DX9wa6XirBPv8,Emo Forever,75,punk
37i9dQZF1DX1ewVhAJ17m4,Pop Punk's Not Dead,100,punk
37i9dQZF1DWU0FBqUeZYeN,The Road to Punk Rock,131,punk
37i9dQZF1DXaDzsRodF91I,Covered In Punk,50,punk
37i9dQZF1DX9Mqxt6NLTDY,All Things Post,100,punk
37i9dQZF1DX0KpeLFwA3tO,New Punk Tracks,100,punk
37i9dQZF1DX8sGALGjOrTu,2000s Screamo,100,punk
37i9dQZF1DXaGNG7NmtmZv,Classic Hardcore,50,punk
37i9dQZF1DX3MU5XUozve7,Skatepark Punks,100,punk
37i9dQZF1DX3YlUroplxjF,Crash Course,100,punk
37i9dQZF1DX1zG0qRnyaQ3,Political Punks,50,punk
37i9dQZF1DX1aYJMdIFYsC,Steampunk,50,punk
37i9dQZF1DX7WJ4yDmRK8R,The Essential Ska,100,punk
37i9dQZF1DXdJa941ExayM,Punk Unleashed,75,punk
37i9dQZF1DX1rJpnIN1unI,All The Rage,59,punk
37i9dQZF1DX7uwh9GrVLfz,Punk Japan,100,punk
37i9dQZF1DXb1IUaS6F7Z8,Celtic Punk,50,punk
37i9dQZF1DX1fmyMdW2PaL,Complete Chaos,100,punk
37i9dQZF1DXb2cYklA89lm,Hot Rods & Horror Shows,50,punk
37i9dQZF1DXaJxsJXPjB3v,City Back to Kasi,60,travel
37i9dQZF1DXb3m918yXHxA,Yacht Rock,140,travel
37i9dQZF1DWU13kKnk03AP,Daily Lift,60,travel
37i9dQZF1DWWMOmoXKqHTD,Songs to Sing in the Car,100,travel
37i9dQZF1DWVDvBpGQbzXj,Music Shuttle,65,travel
37i9dQZF1DXd05hd2jmMZL,Safar Mix,41,travel
37i9dQZF1DX9wC1KY45plY,Classic Road Trip Songs,100,travel
37i9dQZF1DWYJURnnDTZLd,Summer Payanam,54,travel
37i9dQZF1DX6GJXiuZRisr,Night Rider,313,travel
37i9dQZF1DWWiDhnQ2IIru,70s Road Trip,100,travel
37i9dQZF1DWUd3ZuqnOlqa,Bandi Beats,41,travel
37i9dQZF1DX3hDb1dFuPch,Gaadi Ani Gaani,34,travel
37i9dQZF1DWUoqEG4WY6ce,Indie Rock Road Trip,89,travel
37i9dQZF1DXdF699XuZIvg,Hot Road Trip,70,travel
37i9dQZF1DWV8IND7NkP2W,Road Trip To Tokyo,70,travel
37i9dQZF1DWUFmyho2wkQU,Hip-Hop Drive,100,travel
37i9dQZF1DWXV7gMVhRdDy,Jaago Jaagore Jaago,34,travel
37i9dQZF1DX3bSdu6sAEDF,Evening Commute,50,travel
37i9dQZF1DX40RZ67r0X8p,Rock Roadtrip,60,travel
37i9dQZF1DX3sCx6B9EAOr,K-Pop Commute,50,travel
37i9dQZF1DWTyunZbUcqFL,Road Trip To Kyoto,43,travel
37i9dQZF1DX8XxBtyUnC7B,Souvenirs,50,travel
37i9dQZF1DX1lVhptIYRda,Hot Country,63,country
37i9dQZF1DX8WMG8VPSOJC,Country Kind of Love,50,country
37i9dQZF1DWTkxQvqMy4WW,Chillin' on a Dirt Road,80,country
37i9dQZF1DX6RCydf9ytsj,Country's Greatest Hits:  The '80s,162,country
37i9dQZF1DXaiEFNvQPZrM,Country's Greatest Hits:  The '90s,135,country
37i9dQZF1DX7CGYgLhqwu5,Country's Greatest Hits:  The '60s,102,country
37i9dQZF1DWTvM9hRJYH10,Young Music City,67,country
37i9dQZF1DWYnwbYQ5HnZU,Country Gold,60,country
37i9dQZF1DX7aUUBCKwo4Y,Nashville's Worldwide Hot 50,50,country
37i9dQZF1DWVpjAJGB70vU,90's Country,62,country
37i9dQZF1DWZBCPUIUs2iR,Country Music 101:  Country's Greatest Hits,99,country
37i9dQZF1DWXi7h4mmmkzD,Country Nights,40,country
37i9dQZF1DWYP5PUsVbso9,Country's Greatest Hits:  The '70's,96,country
37i9dQZF1DX5mB2C8gBeUM,Wild Country,60,country
37i9dQZF1DX6P1Nsk3wSZX,Hot Country - Top Tracks of 2018,50,country
37i9dQZF1DWWnpcjfCqaW0,Country's Greatest Hits:  The '50s,96,country
37i9dQZF1DWW7RgkOJG32Y,Breakout Country,64,country
37i9dQZF1DXdxUH6sNtcDe,Country's Greatest Hits:  The '00s,201,country
37i9dQZF1DXbo534XMsLSe,Country Music 101:  Welcome to Brokenheartsville,116,country
37i9dQZF1DWUB167twpvS4,Rockabilly Rebellion!,60,country
37i9dQZF1DWWH0izG4erma,Country Rocks,68,country
37i9dQZF1DX24Kh15JFQJ0,New Traditions:  Country Heroes,66,country
37i9dQZF1DWXU4C3nPzApC,Very Nearly Nashville,50,country
37i9dQZF1DX4yQ5BwwlSiC,CMA Fest 2019,103,country
37i9dQZF1DX8S0uQvJ4gaa,New Boots,66,country
37i9dQZF1DWUgBy0IJPlHq,Indigo,80,country
37i9dQZF1DX5OrO2Jxuvdn,Country Workout,126,country
37i9dQZF1DWSCp8Clax7tf,Legendary Women of Country,90,country
37i9dQZF1DXdXh4ecan7Hh,Spotify Singles: Country,41,country
37i9dQZF1DX6rVyqO2FaN8,Still Hot,51,country
37i9dQZF1DX0vVAWnG6fKT,Country's Greatest Hits:  The '40's,68,country
37i9dQZF1DXbDjX0hus3Iu,Southern Rock 101,106,country
37i9dQZF1DX28e329hmxEg,Country Music 101:  Good Vibes,87,country
37i9dQZF1DWXdiK4WAVRUW,Country's Greatest Hits:  The 2010's,343,country
37i9dQZF1DX47i8ytbYGJE,Rockabilly Rebellion,225,country
37i9dQZF1DX3Ee0ngF5ZVQ,Texas Music Now,51,country
37i9dQZF1DWVn8zvR5ROMB,New Music Nashville,73,country
37i9dQZF1DX3RCeShx2suK,Hot Country Presents...Best Country Songs of 2019,50,country
37i9dQZF1DXaB64wwvEuUo,Hot Country Presents...Best Songs of the 2010s,100,country
37i9dQZF1DX9nWj0Ba73K5,Songwriters,69,country
37i9dQZF1DX13kFuGnInkY,ACM Presents:  Our Country,24,country
37i9dQZF1DX11Mx8sjx0nW,Country Music 101:  Drinkin' Songs,138,country
37i9dQZF1DX1V02WRNSlSH,Country Music 101:  Funny Country,76,country
37i9dQZF1DX0bUGQdz5BJG,Next From Nashville,84,country
37i9dQZF1DXcqeiTvluC9o,Country Music 101:  Welcome to Hicktown,75,country
37i9dQZF1DX1qlqn9QC3h1,Songwriters of Nashville with Charles Esten,70,country
37i9dQZF1DX6HIvDVo75RY,Spotify at Ole Red 2019,168,country
